c0,xi,minC,collapse_flag
0.25,0.02,0.25,0
0.3833333333333333,0.02,0.3833333333333333,0
0.5166666666666666,0.02,0.5166666666666666,0
0.65,0.02,0.65,0
0.7833333333333333,0.02,0.7833333333333333,0
0.9166666666666666,0.02,0.9166666666666666,0
1.05,0.02,1.05,0
0.25,0.08333333333333334,0.0,1
0.3833333333333333,0.08333333333333334,0.0,1
0.5166666666666666,0.08333333333333334,0.45152824273114156,0
0.65,0.08333333333333334,0.65,0
0.7833333333333333,0.08333333333333334,0.7833333333333333,0
0.9166666666666666,0.08333333333333334,0.9166666666666666,0
1.05,0.08333333333333334,1.05,0
0.25,0.14666666666666667,0.0,1
0.3833333333333333,0.14666666666666667,0.0,1
0.5166666666666666,0.14666666666666667,0.0,1
0.65,0.14666666666666667,0.0,1
0.7833333333333333,0.14666666666666667,0.759411265447262,0
0.9166666666666666,0.14666666666666667,0.9166666666666666,0
1.05,0.14666666666666667,1.05,0
0.25,0.21,0.0,1
0.3833333333333333,0.21,0.0,1
0.5166666666666666,0.21,0.0,1
0.65,0.21,0.0,1
0.7833333333333333,0.21,0.0,1
0.9166666666666666,0.21,0.9166666666666666,0
1.05,0.21,1.05,0
0.25,0.2733333333333334,0.0,1
0.3833333333333333,0.2733333333333334,0.0,1
0.5166666666666666,0.2733333333333334,0.0,1
0.65,0.2733333333333334,0.0,1
0.7833333333333333,0.2733333333333334,0.0,1
0.9166666666666666,0.2733333333333334,0.9166666666666666,0
1.05,0.2733333333333334,1.05,0
0.25,0.3366666666666667,0.0,1
0.3833333333333333,0.3366666666666667,0.0,1
0.5166666666666666,0.3366666666666667,0.0,1
0.65,0.3366666666666667,0.0,1
0.7833333333333333,0.3366666666666667,0.0,1
0.9166666666666666,0.3366666666666667,0.9084452962622108,0
1.05,0.3366666666666667,1.05,0
0.25,0.4,0.0,1
0.3833333333333333,0.4,0.0,1
0.5166666666666666,0.4,0.0,1
0.65,0.4,0.0,1
0.7833333333333333,0.4,0.0,1
0.9166666666666666,0.4,0.0,1
1.05,0.4,1.05,0
